{"player_x": 606.5991216398645, "player_y": 192.29999999999998, "score": 4, "record": 36}